Unnamed: 0,Song,Source_File,GMM Cluster
0,mfcc_output_49,Majority_Vote,5
1,mfcc_output_61,Majority_Vote,2
2,mfcc_output_75,Majority_Vote,2
3,mfcc_output_74,Max_Probability.csv,2
4,mfcc_output_60,Mean_Probability.csv,1
5,mfcc_output_48,Majority_Vote,5
6,mfcc_output_76,Majority_Vote,5
7,mfcc_output_62,Mean_Probability.csv,5
8,mfcc_output_89,Max_Probability.csv,2
9,mfcc_output_88,Majority_Vote,5
10,mfcc_output_63,Majority_Vote,4
11,mfcc_output_77,Majority_Vote,0
12,mfcc_output_73,Majority_Vote,0
13,mfcc_output_67,Mean_Probability.csv,5
14,mfcc_output_98,Majority_Vote,3
15,mfcc_output_99,Majority_Vote,0
16,mfcc_output_66,Majority_Vote,4
17,mfcc_output_72,Majority_Vote,5
18,mfcc_output_64,Majority_Vote,0
19,mfcc_output_70,Majority_Vote,0
20,mfcc_output_58,Mean_Probability.csv,5
21,mfcc_output_59,Majority_Vote,1
22,mfcc_output_71,Majority_Vote,4
23,mfcc_output_65,Majority_Vote,0
24,mfcc_output_16,Majority_Vote,2
25,mfcc_output_17,Majority_Vote,2
26,mfcc_output_1,Majority_Vote,2
27,mfcc_output_109,Majority_Vote,5
28,mfcc_output_3,Majority_Vote,3
29,mfcc_output_29,Majority_Vote,4
30,mfcc_output_15,Mean_Probability.csv,5
31,mfcc_output_14,Max_Probability.csv,2
32,mfcc_output_28,Mean_Probability.csv,4
33,mfcc_output_2,Majority_Vote,2
34,mfcc_output_108,Majority_Vote,2
35,mfcc_output_6,Majority_Vote,5
36,mfcc_output_10,Majority_Vote,0
37,mfcc_output_38,Majority_Vote,4
38,mfcc_output_39,Majority_Vote,0
39,mfcc_output_11,Majority_Vote,0
40,mfcc_output_7,Min_Probability.csv,0
41,mfcc_output_5,Majority_Vote,4
42,mfcc_output_13,Majority_Vote,5
43,mfcc_output_12,Max_Probability.csv,2
44,mfcc_output_4,Majority_Vote,0
45,mfcc_output_103,Majority_Vote,3
46,mfcc_output_9,Majority_Vote,1
47,mfcc_output_23,Majority_Vote,4
48,mfcc_output_37,Majority_Vote,5
49,mfcc_output_36,Max_Probability.csv,2
50,mfcc_output_22,Majority_Vote,5
51,mfcc_output_8,Majority_Vote,3
52,mfcc_output_102,Majority_Vote,4
53,mfcc_output_114,Max_Probability.csv,3
54,mfcc_output_100,Majority_Vote,4
55,mfcc_output_34,Min_Probability.csv,0
56,mfcc_output_20,Majority_Vote,3
57,mfcc_output_21,Majority_Vote,0
58,mfcc_output_35,Majority_Vote,2
59,mfcc_output_101,Min_Probability.csv,0
60,mfcc_output_115,Min_Probability.csv,0
61,mfcc_output_111,Majority_Vote,4
62,mfcc_output_105,Majority_Vote,4
63,mfcc_output_31,Majority_Vote,2
64,mfcc_output_25,Min_Probability.csv,0
65,mfcc_output_19,Majority_Vote,0
66,mfcc_output_18,Majority_Vote,4
67,mfcc_output_24,Max_Probability.csv,2
68,mfcc_output_30,Majority_Vote,5
69,mfcc_output_104,Majority_Vote,2
70,mfcc_output_110,Majority_Vote,4
71,mfcc_output_106,Majority_Vote,2
72,mfcc_output_112,Majority_Vote,0
73,mfcc_output_26,Majority_Vote,4
74,mfcc_output_32,Min_Probability.csv,0
75,mfcc_output_33,Majority_Vote,0
76,mfcc_output_27,Majority_Vote,2
77,mfcc_output_113,Majority_Vote,5
78,mfcc_output_107,Majority_Vote,2
79,mfcc_output_68,Majority_Vote,5
80,mfcc_output_40,Mean_Probability.csv,5
81,mfcc_output_54,Majority_Vote,5
82,mfcc_output_83,Majority_Vote,4
83,mfcc_output_97,Majority_Vote,4
84,mfcc_output_96,Majority_Vote,4
85,mfcc_output_82,Majority_Vote,4
86,mfcc_output_55,Majority_Vote,5
87,mfcc_output_41,Majority_Vote,5
88,mfcc_output_69,Majority_Vote,3
89,mfcc_output_57,Min_Probability.csv,3
90,mfcc_output_43,Majority_Vote,5
91,mfcc_output_94,Majority_Vote,5
92,mfcc_output_80,Majority_Vote,4
93,mfcc_output_81,Majority_Vote,2
94,mfcc_output_95,Majority_Vote,2
95,mfcc_output_42,Majority_Vote,5
96,mfcc_output_56,Majority_Vote,5
97,mfcc_output_52,Majority_Vote,0
98,mfcc_output_46,Mean_Probability.csv,5
99,mfcc_output_91,Majority_Vote,5
100,mfcc_output_85,Majority_Vote,0
101,mfcc_output_84,Majority_Vote,4
102,mfcc_output_90,Majority_Vote,2
103,mfcc_output_47,Min_Probability.csv,0
104,mfcc_output_53,Majority_Vote,3
105,mfcc_output_45,Max_Probability.csv,3
106,mfcc_output_51,Majority_Vote,4
107,mfcc_output_79,Majority_Vote,0
108,mfcc_output_86,Majority_Vote,3
109,mfcc_output_92,Max_Probability.csv,2
110,mfcc_output_93,Mean_Probability.csv,5
111,mfcc_output_87,Majority_Vote,2
112,mfcc_output_78,Max_Probability.csv,2
113,mfcc_output_50,Majority_Vote,1
114,mfcc_output_44,Majority_Vote,3
